{
	"textures": [
		{
			"image": "atlas.png",
			"format": "RGBA8888",
			"size": {
				"w": 1124,
				"h": 127
			},
			"scale": 1,
			"frames": [
				{
					"filename": "explode_25",
					"rotated": false,
					"trimmed": false,
					"sourceSize": {
						"w": 64,
						"h": 64
					},
					"spriteSourceSize": {
						"x": 0,
						"y": 0,
						"w": 64,
						"h": 64
					},
					"frame": {
						"x": 1,
						"y": 1,
						"w": 64,
						"h": 64
					}
				},
				{
					"filename": "explode_18",
					"rotated": false,
					"trimmed": true,
					"sourceSize": {
						"w": 64,
						"h": 64
					},
					"spriteSourceSize": {
						"x": 3,
						"y": 4,
						"w": 57,
						"h": 59
					},
					"frame": {
						"x": 1,
						"y": 67,
						"w": 57,
						"h": 59
					}
				},
				{
					"filename": "explode_17",
					"rotated": false,
					"trimmed": true,
					"sourceSize": {
						"w": 64,
						"h": 64
					},
					"spriteSourceSize": {
						"x": 4,
						"y": 4,
						"w": 56,
						"h": 58
					},
					"frame": {
						"x": 60,
						"y": 67,
						"w": 56,
						"h": 58
					}
				},
				{
					"filename": "explode_26",
					"rotated": false,
					"trimmed": false,
					"sourceSize": {
						"w": 64,
						"h": 64
					},
					"spriteSourceSize": {
						"x": 0,
						"y": 0,
						"w": 64,
						"h": 64
					},
					"frame": {
						"x": 67,
						"y": 1,
						"w": 64,
						"h": 64
					}
				},
				{
					"filename": "explode_28",
					"rotated": false,
					"trimmed": true,
					"sourceSize": {
						"w": 64,
						"h": 64
					},
					"spriteSourceSize": {
						"x": 1,
						"y": 0,
						"w": 56,
						"h": 58
					},
					"frame": {
						"x": 118,
						"y": 67,
						"w": 56,
						"h": 58
					}
				},
				{
					"filename": "explode_24",
					"rotated": false,
					"trimmed": true,
					"sourceSize": {
						"w": 64,
						"h": 64
					},
					"spriteSourceSize": {
						"x": 0,
						"y": 0,
						"w": 63,
						"h": 64
					},
					"frame": {
						"x": 133,
						"y": 1,
						"w": 63,
						"h": 64
					}
				},
				{
					"filename": "explode_16",
					"rotated": false,
					"trimmed": true,
					"sourceSize": {
						"w": 64,
						"h": 64
					},
					"spriteSourceSize": {
						"x": 4,
						"y": 5,
						"w": 55,
						"h": 57
					},
					"frame": {
						"x": 176,
						"y": 67,
						"w": 55,
						"h": 57
					}
				},
				{
					"filename": "explode_27",
					"rotated": false,
					"trimmed": true,
					"sourceSize": {
						"w": 64,
						"h": 64
					},
					"spriteSourceSize": {
						"x": 0,
						"y": 0,
						"w": 61,
						"h": 64
					},
					"frame": {
						"x": 198,
						"y": 1,
						"w": 61,
						"h": 64
					}
				},
				{
					"filename": "explode_14",
					"rotated": false,
					"trimmed": true,
					"sourceSize": {
						"w": 64,
						"h": 64
					},
					"spriteSourceSize": {
						"x": 4,
						"y": 5,
						"w": 54,
						"h": 56
					},
					"frame": {
						"x": 233,
						"y": 67,
						"w": 54,
						"h": 56
					}
				},
				{
					"filename": "explode_23",
					"rotated": false,
					"trimmed": true,
					"sourceSize": {
						"w": 64,
						"h": 64
					},
					"spriteSourceSize": {
						"x": 0,
						"y": 1,
						"w": 63,
						"h": 63
					},
					"frame": {
						"x": 261,
						"y": 1,
						"w": 63,
						"h": 63
					}
				},
				{
					"filename": "explode_19",
					"rotated": false,
					"trimmed": true,
					"sourceSize": {
						"w": 64,
						"h": 64
					},
					"spriteSourceSize": {
						"x": 3,
						"y": 3,
						"w": 58,
						"h": 60
					},
					"frame": {
						"x": 289,
						"y": 66,
						"w": 58,
						"h": 60
					}
				},
				{
					"filename": "explode_22",
					"rotated": false,
					"trimmed": true,
					"sourceSize": {
						"w": 64,
						"h": 64
					},
					"spriteSourceSize": {
						"x": 1,
						"y": 1,
						"w": 61,
						"h": 63
					},
					"frame": {
						"x": 326,
						"y": 1,
						"w": 61,
						"h": 63
					}
				},
				{
					"filename": "explode_15",
					"rotated": false,
					"trimmed": true,
					"sourceSize": {
						"w": 64,
						"h": 64
					},
					"spriteSourceSize": {
						"x": 4,
						"y": 5,
						"w": 54,
						"h": 56
					},
					"frame": {
						"x": 349,
						"y": 66,
						"w": 54,
						"h": 56
					}
				},
				{
					"filename": "explode_21",
					"rotated": false,
					"trimmed": true,
					"sourceSize": {
						"w": 64,
						"h": 64
					},
					"spriteSourceSize": {
						"x": 2,
						"y": 2,
						"w": 60,
						"h": 62
					},
					"frame": {
						"x": 389,
						"y": 1,
						"w": 60,
						"h": 62
					}
				},
				{
					"filename": "explode_12",
					"rotated": false,
					"trimmed": true,
					"sourceSize": {
						"w": 64,
						"h": 64
					},
					"spriteSourceSize": {
						"x": 5,
						"y": 6,
						"w": 52,
						"h": 55
					},
					"frame": {
						"x": 405,
						"y": 65,
						"w": 52,
						"h": 55
					}
				},
				{
					"filename": "explode_20",
					"rotated": false,
					"trimmed": true,
					"sourceSize": {
						"w": 64,
						"h": 64
					},
					"spriteSourceSize": {
						"x": 2,
						"y": 2,
						"w": 59,
						"h": 62
					},
					"frame": {
						"x": 451,
						"y": 1,
						"w": 59,
						"h": 62
					}
				},
				{
					"filename": "effects_puff_0",
					"rotated": false,
					"trimmed": true,
					"sourceSize": {
						"w": 32,
						"h": 32
					},
					"spriteSourceSize": {
						"x": 13,
						"y": 22,
						"w": 5,
						"h": 3
					},
					"frame": {
						"x": 405,
						"y": 122,
						"w": 5,
						"h": 3
					}
				},
				{
					"filename": "effects_puff_4",
					"rotated": false,
					"trimmed": true,
					"sourceSize": {
						"w": 32,
						"h": 32
					},
					"spriteSourceSize": {
						"x": 0,
						"y": 0,
						"w": 3,
						"h": 3
					},
					"frame": {
						"x": 412,
						"y": 122,
						"w": 3,
						"h": 3
					}
				},
				{
					"filename": "explode_13",
					"rotated": false,
					"trimmed": true,
					"sourceSize": {
						"w": 64,
						"h": 64
					},
					"spriteSourceSize": {
						"x": 5,
						"y": 6,
						"w": 52,
						"h": 55
					},
					"frame": {
						"x": 459,
						"y": 65,
						"w": 52,
						"h": 55
					}
				},
				{
					"filename": "explode_11",
					"rotated": false,
					"trimmed": true,
					"sourceSize": {
						"w": 64,
						"h": 64
					},
					"spriteSourceSize": {
						"x": 5,
						"y": 7,
						"w": 52,
						"h": 53
					},
					"frame": {
						"x": 512,
						"y": 1,
						"w": 52,
						"h": 53
					}
				},
				{
					"filename": "ninja_jumpside_e_0",
					"rotated": false,
					"trimmed": true,
					"sourceSize": {
						"w": 128,
						"h": 128
					},
					"spriteSourceSize": {
						"x": 49,
						"y": 61,
						"w": 34,
						"h": 7
					},
					"frame": {
						"x": 512,
						"y": 56,
						"w": 34,
						"h": 7
					}
				},
				{
					"filename": "ninja_jumpside_e_1",
					"rotated": false,
					"trimmed": true,
					"sourceSize": {
						"w": 128,
						"h": 128
					},
					"spriteSourceSize": {
						"x": 49,
						"y": 61,
						"w": 34,
						"h": 7
					},
					"frame": {
						"x": 512,
						"y": 56,
						"w": 34,
						"h": 7
					}
				},
				{
					"filename": "explode_10",
					"rotated": false,
					"trimmed": true,
					"sourceSize": {
						"w": 64,
						"h": 64
					},
					"spriteSourceSize": {
						"x": 5,
						"y": 7,
						"w": 51,
						"h": 53
					},
					"frame": {
						"x": 513,
						"y": 65,
						"w": 51,
						"h": 53
					}
				},
				{
					"filename": "explode_9",
					"rotated": false,
					"trimmed": true,
					"sourceSize": {
						"w": 64,
						"h": 64
					},
					"spriteSourceSize": {
						"x": 5,
						"y": 7,
						"w": 51,
						"h": 52
					},
					"frame": {
						"x": 566,
						"y": 1,
						"w": 51,
						"h": 52
					}
				},
				{
					"filename": "explode_8",
					"rotated": false,
					"trimmed": true,
					"sourceSize": {
						"w": 64,
						"h": 64
					},
					"spriteSourceSize": {
						"x": 6,
						"y": 8,
						"w": 50,
						"h": 51
					},
					"frame": {
						"x": 566,
						"y": 55,
						"w": 50,
						"h": 51
					}
				},
				{
					"filename": "samurai_killed_5",
					"rotated": false,
					"trimmed": true,
					"sourceSize": {
						"w": 32,
						"h": 32
					},
					"spriteSourceSize": {
						"x": 4,
						"y": 7,
						"w": 20,
						"h": 18
					},
					"frame": {
						"x": 566,
						"y": 108,
						"w": 20,
						"h": 18
					}
				},
				{
					"filename": "samurai_killed_6",
					"rotated": false,
					"trimmed": true,
					"sourceSize": {
						"w": 32,
						"h": 32
					},
					"spriteSourceSize": {
						"x": 4,
						"y": 7,
						"w": 20,
						"h": 18
					},
					"frame": {
						"x": 566,
						"y": 108,
						"w": 20,
						"h": 18
					}
				},
				{
					"filename": "samurai_killed_1",
					"rotated": false,
					"trimmed": true,
					"sourceSize": {
						"w": 32,
						"h": 32
					},
					"spriteSourceSize": {
						"x": 5,
						"y": 7,
						"w": 19,
						"h": 18
					},
					"frame": {
						"x": 588,
						"y": 108,
						"w": 19,
						"h": 18
					}
				},
				{
					"filename": "ninja_touchside_0",
					"rotated": false,
					"trimmed": true,
					"sourceSize": {
						"w": 32,
						"h": 32
					},
					"spriteSourceSize": {
						"x": 8,
						"y": 7,
						"w": 17,
						"h": 18
					},
					"frame": {
						"x": 609,
						"y": 108,
						"w": 17,
						"h": 18
					}
				},
				{
					"filename": "explode_7",
					"rotated": false,
					"trimmed": true,
					"sourceSize": {
						"w": 64,
						"h": 64
					},
					"spriteSourceSize": {
						"x": 6,
						"y": 8,
						"w": 50,
						"h": 50
					},
					"frame": {
						"x": 618,
						"y": 55,
						"w": 50,
						"h": 50
					}
				},
				{
					"filename": "samurai_stand_0",
					"rotated": false,
					"trimmed": true,
					"sourceSize": {
						"w": 32,
						"h": 32
					},
					"spriteSourceSize": {
						"x": 7,
						"y": 6,
						"w": 24,
						"h": 19
					},
					"frame": {
						"x": 628,
						"y": 107,
						"w": 24,
						"h": 19
					}
				},
				{
					"filename": "ninja_jumpdown_e_10",
					"rotated": false,
					"trimmed": true,
					"sourceSize": {
						"w": 128,
						"h": 128
					},
					"spriteSourceSize": {
						"x": 56,
						"y": 54,
						"w": 17,
						"h": 19
					},
					"frame": {
						"x": 654,
						"y": 107,
						"w": 17,
						"h": 19
					}
				},
				{
					"filename": "explode_6",
					"rotated": false,
					"trimmed": true,
					"sourceSize": {
						"w": 64,
						"h": 64
					},
					"spriteSourceSize": {
						"x": 7,
						"y": 8,
						"w": 49,
						"h": 50
					},
					"frame": {
						"x": 619,
						"y": 1,
						"w": 49,
						"h": 50
					}
				},
				{
					"filename": "explode_1",
					"rotated": false,
					"trimmed": true,
					"sourceSize": {
						"w": 64,
						"h": 64
					},
					"spriteSourceSize": {
						"x": 7,
						"y": 9,
						"w": 49,
						"h": 48
					},
					"frame": {
						"x": 670,
						"y": 1,
						"w": 49,
						"h": 48
					}
				},
				{
					"filename": "explode_2",
					"rotated": false,
					"trimmed": true,
					"sourceSize": {
						"w": 64,
						"h": 64
					},
					"spriteSourceSize": {
						"x": 7,
						"y": 9,
						"w": 49,
						"h": 48
					},
					"frame": {
						"x": 670,
						"y": 51,
						"w": 49,
						"h": 48
					}
				},
				{
					"filename": "ninja_jumpdown_e_6",
					"rotated": false,
					"trimmed": true,
					"sourceSize": {
						"w": 128,
						"h": 128
					},
					"spriteSourceSize": {
						"x": 56,
						"y": 51,
						"w": 17,
						"h": 25
					},
					"frame": {
						"x": 673,
						"y": 101,
						"w": 17,
						"h": 25
					}
				},
				{
					"filename": "ninja_jumpup_e_5",
					"rotated": false,
					"trimmed": true,
					"sourceSize": {
						"w": 128,
						"h": 128
					},
					"spriteSourceSize": {
						"x": 58,
						"y": 52,
						"w": 10,
						"h": 25
					},
					"frame": {
						"x": 692,
						"y": 101,
						"w": 10,
						"h": 25
					}
				},
				{
					"filename": "samurai_killed_4",
					"rotated": false,
					"trimmed": true,
					"sourceSize": {
						"w": 32,
						"h": 32
					},
					"spriteSourceSize": {
						"x": 4,
						"y": 1,
						"w": 28,
						"h": 24
					},
					"frame": {
						"x": 704,
						"y": 101,
						"w": 28,
						"h": 24
					}
				},
				{
					"filename": "explode_4",
					"rotated": false,
					"trimmed": true,
					"sourceSize": {
						"w": 64,
						"h": 64
					},
					"spriteSourceSize": {
						"x": 7,
						"y": 9,
						"w": 49,
						"h": 48
					},
					"frame": {
						"x": 721,
						"y": 1,
						"w": 49,
						"h": 48
					}
				},
				{
					"filename": "explode_5",
					"rotated": false,
					"trimmed": true,
					"sourceSize": {
						"w": 64,
						"h": 64
					},
					"spriteSourceSize": {
						"x": 7,
						"y": 9,
						"w": 49,
						"h": 48
					},
					"frame": {
						"x": 721,
						"y": 51,
						"w": 49,
						"h": 48
					}
				},
				{
					"filename": "samurai_killed_3",
					"rotated": false,
					"trimmed": true,
					"sourceSize": {
						"w": 32,
						"h": 32
					},
					"spriteSourceSize": {
						"x": 4,
						"y": 1,
						"w": 27,
						"h": 24
					},
					"frame": {
						"x": 734,
						"y": 101,
						"w": 27,
						"h": 24
					}
				},
				{
					"filename": "ninja_jumpdown_e_7",
					"rotated": false,
					"trimmed": true,
					"sourceSize": {
						"w": 128,
						"h": 128
					},
					"spriteSourceSize": {
						"x": 56,
						"y": 52,
						"w": 17,
						"h": 23
					},
					"frame": {
						"x": 763,
						"y": 101,
						"w": 17,
						"h": 23
					}
				},
				{
					"filename": "explode_3",
					"rotated": false,
					"trimmed": true,
					"sourceSize": {
						"w": 64,
						"h": 64
					},
					"spriteSourceSize": {
						"x": 8,
						"y": 9,
						"w": 48,
						"h": 48
					},
					"frame": {
						"x": 772,
						"y": 1,
						"w": 48,
						"h": 48
					}
				},
				{
					"filename": "explode_0",
					"rotated": false,
					"trimmed": true,
					"sourceSize": {
						"w": 64,
						"h": 64
					},
					"spriteSourceSize": {
						"x": 9,
						"y": 10,
						"w": 46,
						"h": 45
					},
					"frame": {
						"x": 772,
						"y": 51,
						"w": 46,
						"h": 45
					}
				},
				{
					"filename": "ninja_jumpdown_e_5",
					"rotated": false,
					"trimmed": true,
					"sourceSize": {
						"w": 128,
						"h": 128
					},
					"spriteSourceSize": {
						"x": 57,
						"y": 50,
						"w": 15,
						"h": 27
					},
					"frame": {
						"x": 782,
						"y": 98,
						"w": 15,
						"h": 27
					}
				},
				{
					"filename": "ninja_jumpup_e_4",
					"rotated": false,
					"trimmed": true,
					"sourceSize": {
						"w": 128,
						"h": 128
					},
					"spriteSourceSize": {
						"x": 58,
						"y": 51,
						"w": 10,
						"h": 27
					},
					"frame": {
						"x": 799,
						"y": 98,
						"w": 10,
						"h": 27
					}
				},
				{
					"filename": "ninja_jumpup_e_6",
					"rotated": false,
					"trimmed": true,
					"sourceSize": {
						"w": 128,
						"h": 128
					},
					"spriteSourceSize": {
						"x": 57,
						"y": 53,
						"w": 12,
						"h": 23
					},
					"frame": {
						"x": 811,
						"y": 98,
						"w": 12,
						"h": 23
					}
				},
				{
					"filename": "ninja_jumpdown_e_0",
					"rotated": false,
					"trimmed": true,
					"sourceSize": {
						"w": 128,
						"h": 128
					},
					"spriteSourceSize": {
						"x": 60,
						"y": 46,
						"w": 9,
						"h": 35
					},
					"frame": {
						"x": 820,
						"y": 51,
						"w": 9,
						"h": 35
					}
				},
				{
					"filename": "ninja_jumpdown_e_1",
					"rotated": false,
					"trimmed": true,
					"sourceSize": {
						"w": 128,
						"h": 128
					},
					"spriteSourceSize": {
						"x": 60,
						"y": 46,
						"w": 9,
						"h": 35
					},
					"frame": {
						"x": 820,
						"y": 51,
						"w": 9,
						"h": 35
					}
				},
				{
					"filename": "ninja_jumpside_e_2",
					"rotated": false,
					"trimmed": true,
					"sourceSize": {
						"w": 128,
						"h": 128
					},
					"spriteSourceSize": {
						"x": 50,
						"y": 61,
						"w": 32,
						"h": 8
					},
					"frame": {
						"x": 820,
						"y": 88,
						"w": 32,
						"h": 8
					}
				},
				{
					"filename": "bannersway_10",
					"rotated": false,
					"trimmed": true,
					"sourceSize": {
						"w": 128,
						"h": 128
					},
					"spriteSourceSize": {
						"x": 57,
						"y": 59,
						"w": 16,
						"h": 22
					},
					"frame": {
						"x": 825,
						"y": 98,
						"w": 16,
						"h": 22
					}
				},
				{
					"filename": "bannersway_11",
					"rotated": false,
					"trimmed": true,
					"sourceSize": {
						"w": 128,
						"h": 128
					},
					"spriteSourceSize": {
						"x": 57,
						"y": 59,
						"w": 16,
						"h": 22
					},
					"frame": {
						"x": 843,
						"y": 98,
						"w": 16,
						"h": 22
					}
				},
				{
					"filename": "ninja_jumpdown_e_2",
					"rotated": false,
					"trimmed": true,
					"sourceSize": {
						"w": 128,
						"h": 128
					},
					"spriteSourceSize": {
						"x": 59,
						"y": 47,
						"w": 10,
						"h": 33
					},
					"frame": {
						"x": 822,
						"y": 1,
						"w": 10,
						"h": 33
					}
				},
				{
					"filename": "ninja_jumpside_e_6",
					"rotated": false,
					"trimmed": true,
					"sourceSize": {
						"w": 128,
						"h": 128
					},
					"spriteSourceSize": {
						"x": 53,
						"y": 58,
						"w": 25,
						"h": 13
					},
					"frame": {
						"x": 822,
						"y": 36,
						"w": 25,
						"h": 13
					}
				},
				{
					"filename": "ninja_jumpup_e_0",
					"rotated": false,
					"trimmed": true,
					"sourceSize": {
						"w": 128,
						"h": 128
					},
					"spriteSourceSize": {
						"x": 60,
						"y": 49,
						"w": 6,
						"h": 32
					},
					"frame": {
						"x": 834,
						"y": 1,
						"w": 6,
						"h": 32
					}
				},
				{
					"filename": "ninja_jumpup_e_1",
					"rotated": false,
					"trimmed": true,
					"sourceSize": {
						"w": 128,
						"h": 128
					},
					"spriteSourceSize": {
						"x": 60,
						"y": 49,
						"w": 6,
						"h": 32
					},
					"frame": {
						"x": 834,
						"y": 1,
						"w": 6,
						"h": 32
					}
				},
				{
					"filename": "ninja_jumpdown_e_3",
					"rotated": false,
					"trimmed": true,
					"sourceSize": {
						"w": 128,
						"h": 128
					},
					"spriteSourceSize": {
						"x": 58,
						"y": 48,
						"w": 12,
						"h": 31
					},
					"frame": {
						"x": 842,
						"y": 1,
						"w": 12,
						"h": 31
					}
				},
				{
					"filename": "ninja_jumpup_e_2",
					"rotated": false,
					"trimmed": true,
					"sourceSize": {
						"w": 128,
						"h": 128
					},
					"spriteSourceSize": {
						"x": 60,
						"y": 49,
						"w": 6,
						"h": 31
					},
					"frame": {
						"x": 831,
						"y": 51,
						"w": 6,
						"h": 31
					}
				},
				{
					"filename": "ninja_jumpdown_e_4",
					"rotated": false,
					"trimmed": true,
					"sourceSize": {
						"w": 128,
						"h": 128
					},
					"spriteSourceSize": {
						"x": 58,
						"y": 49,
						"w": 13,
						"h": 29
					},
					"frame": {
						"x": 839,
						"y": 51,
						"w": 13,
						"h": 29
					}
				},
				{
					"filename": "ninja_jumpside_e_8",
					"rotated": false,
					"trimmed": true,
					"sourceSize": {
						"w": 128,
						"h": 128
					},
					"spriteSourceSize": {
						"x": 54,
						"y": 57,
						"w": 23,
						"h": 15
					},
					"frame": {
						"x": 849,
						"y": 34,
						"w": 23,
						"h": 15
					}
				},
				{
					"filename": "ninja_jumpup_e_3",
					"rotated": false,
					"trimmed": true,
					"sourceSize": {
						"w": 128,
						"h": 128
					},
					"spriteSourceSize": {
						"x": 59,
						"y": 50,
						"w": 8,
						"h": 29
					},
					"frame": {
						"x": 856,
						"y": 1,
						"w": 8,
						"h": 29
					}
				},
				{
					"filename": "bannersway_12",
					"rotated": false,
					"trimmed": true,
					"sourceSize": {
						"w": 128,
						"h": 128
					},
					"spriteSourceSize": {
						"x": 57,
						"y": 59,
						"w": 16,
						"h": 22
					},
					"frame": {
						"x": 866,
						"y": 1,
						"w": 16,
						"h": 22
					}
				},
				{
					"filename": "bannersway_13",
					"rotated": false,
					"trimmed": true,
					"sourceSize": {
						"w": 128,
						"h": 128
					},
					"spriteSourceSize": {
						"x": 57,
						"y": 59,
						"w": 16,
						"h": 22
					},
					"frame": {
						"x": 854,
						"y": 51,
						"w": 16,
						"h": 22
					}
				},
				{
					"filename": "ninja_jumpdown_e_8",
					"rotated": false,
					"trimmed": true,
					"sourceSize": {
						"w": 128,
						"h": 128
					},
					"spriteSourceSize": {
						"x": 55,
						"y": 53,
						"w": 19,
						"h": 21
					},
					"frame": {
						"x": 854,
						"y": 75,
						"w": 19,
						"h": 21
					}
				},
				{
					"filename": "bannersway_14",
					"rotated": false,
					"trimmed": true,
					"sourceSize": {
						"w": 128,
						"h": 128
					},
					"spriteSourceSize": {
						"x": 57,
						"y": 59,
						"w": 16,
						"h": 22
					},
					"frame": {
						"x": 872,
						"y": 51,
						"w": 16,
						"h": 22
					}
				},
				{
					"filename": "bannersway_15",
					"rotated": false,
					"trimmed": true,
					"sourceSize": {
						"w": 128,
						"h": 128
					},
					"spriteSourceSize": {
						"x": 57,
						"y": 59,
						"w": 16,
						"h": 22
					},
					"frame": {
						"x": 872,
						"y": 51,
						"w": 16,
						"h": 22
					}
				},
				{
					"filename": "bannersway_16",
					"rotated": false,
					"trimmed": true,
					"sourceSize": {
						"w": 128,
						"h": 128
					},
					"spriteSourceSize": {
						"x": 57,
						"y": 59,
						"w": 16,
						"h": 22
					},
					"frame": {
						"x": 874,
						"y": 25,
						"w": 16,
						"h": 22
					}
				},
				{
					"filename": "bannersway_17",
					"rotated": false,
					"trimmed": true,
					"sourceSize": {
						"w": 128,
						"h": 128
					},
					"spriteSourceSize": {
						"x": 57,
						"y": 59,
						"w": 16,
						"h": 22
					},
					"frame": {
						"x": 884,
						"y": 1,
						"w": 16,
						"h": 22
					}
				},
				{
					"filename": "bannersway_18",
					"rotated": false,
					"trimmed": true,
					"sourceSize": {
						"w": 128,
						"h": 128
					},
					"spriteSourceSize": {
						"x": 57,
						"y": 59,
						"w": 16,
						"h": 22
					},
					"frame": {
						"x": 861,
						"y": 98,
						"w": 16,
						"h": 22
					}
				},
				{
					"filename": "ninja_jumpdown_0",
					"rotated": false,
					"trimmed": true,
					"sourceSize": {
						"w": 32,
						"h": 32
					},
					"spriteSourceSize": {
						"x": 8,
						"y": 5,
						"w": 17,
						"h": 21
					},
					"frame": {
						"x": 875,
						"y": 75,
						"w": 17,
						"h": 21
					}
				},
				{
					"filename": "ninja_jumpdown_e_11",
					"rotated": false,
					"trimmed": true,
					"sourceSize": {
						"w": 128,
						"h": 128
					},
					"spriteSourceSize": {
						"x": 56,
						"y": 53,
						"w": 17,
						"h": 21
					},
					"frame": {
						"x": 875,
						"y": 75,
						"w": 17,
						"h": 21
					}
				},
				{
					"filename": "ninja_jumpdown_e_12",
					"rotated": false,
					"trimmed": true,
					"sourceSize": {
						"w": 128,
						"h": 128
					},
					"spriteSourceSize": {
						"x": 56,
						"y": 53,
						"w": 17,
						"h": 21
					},
					"frame": {
						"x": 875,
						"y": 75,
						"w": 17,
						"h": 21
					}
				},
				{
					"filename": "ninja_jumpdown_e_13",
					"rotated": false,
					"trimmed": true,
					"sourceSize": {
						"w": 128,
						"h": 128
					},
					"spriteSourceSize": {
						"x": 56,
						"y": 53,
						"w": 17,
						"h": 21
					},
					"frame": {
						"x": 875,
						"y": 75,
						"w": 17,
						"h": 21
					}
				},
				{
					"filename": "ninja_jumpdown_e_14",
					"rotated": false,
					"trimmed": true,
					"sourceSize": {
						"w": 128,
						"h": 128
					},
					"spriteSourceSize": {
						"x": 56,
						"y": 53,
						"w": 17,
						"h": 21
					},
					"frame": {
						"x": 875,
						"y": 75,
						"w": 17,
						"h": 21
					}
				},
				{
					"filename": "ninja_jumpdown_e_15",
					"rotated": false,
					"trimmed": true,
					"sourceSize": {
						"w": 128,
						"h": 128
					},
					"spriteSourceSize": {
						"x": 56,
						"y": 53,
						"w": 17,
						"h": 21
					},
					"frame": {
						"x": 875,
						"y": 75,
						"w": 17,
						"h": 21
					}
				},
				{
					"filename": "ninja_jumpdown_e_16",
					"rotated": false,
					"trimmed": true,
					"sourceSize": {
						"w": 128,
						"h": 128
					},
					"spriteSourceSize": {
						"x": 56,
						"y": 53,
						"w": 17,
						"h": 21
					},
					"frame": {
						"x": 875,
						"y": 75,
						"w": 17,
						"h": 21
					}
				},
				{
					"filename": "ninja_jumpdown_e_17",
					"rotated": false,
					"trimmed": true,
					"sourceSize": {
						"w": 128,
						"h": 128
					},
					"spriteSourceSize": {
						"x": 56,
						"y": 53,
						"w": 17,
						"h": 21
					},
					"frame": {
						"x": 875,
						"y": 75,
						"w": 17,
						"h": 21
					}
				},
				{
					"filename": "ninja_jumpdown_e_18",
					"rotated": false,
					"trimmed": true,
					"sourceSize": {
						"w": 128,
						"h": 128
					},
					"spriteSourceSize": {
						"x": 56,
						"y": 53,
						"w": 17,
						"h": 21
					},
					"frame": {
						"x": 875,
						"y": 75,
						"w": 17,
						"h": 21
					}
				},
				{
					"filename": "ninja_jumpdown_e_19",
					"rotated": false,
					"trimmed": true,
					"sourceSize": {
						"w": 128,
						"h": 128
					},
					"spriteSourceSize": {
						"x": 56,
						"y": 53,
						"w": 17,
						"h": 21
					},
					"frame": {
						"x": 875,
						"y": 75,
						"w": 17,
						"h": 21
					}
				},
				{
					"filename": "ninja_jumpdown_e_20",
					"rotated": false,
					"trimmed": true,
					"sourceSize": {
						"w": 128,
						"h": 128
					},
					"spriteSourceSize": {
						"x": 56,
						"y": 53,
						"w": 17,
						"h": 21
					},
					"frame": {
						"x": 875,
						"y": 75,
						"w": 17,
						"h": 21
					}
				},
				{
					"filename": "ninja_jumpdown_e_21",
					"rotated": false,
					"trimmed": true,
					"sourceSize": {
						"w": 128,
						"h": 128
					},
					"spriteSourceSize": {
						"x": 56,
						"y": 53,
						"w": 17,
						"h": 21
					},
					"frame": {
						"x": 875,
						"y": 75,
						"w": 17,
						"h": 21
					}
				},
				{
					"filename": "ninja_jumpdown_e_22",
					"rotated": false,
					"trimmed": true,
					"sourceSize": {
						"w": 128,
						"h": 128
					},
					"spriteSourceSize": {
						"x": 56,
						"y": 53,
						"w": 17,
						"h": 21
					},
					"frame": {
						"x": 875,
						"y": 75,
						"w": 17,
						"h": 21
					}
				},
				{
					"filename": "ninja_jumpdown_e_23",
					"rotated": false,
					"trimmed": true,
					"sourceSize": {
						"w": 128,
						"h": 128
					},
					"spriteSourceSize": {
						"x": 56,
						"y": 53,
						"w": 17,
						"h": 21
					},
					"frame": {
						"x": 875,
						"y": 75,
						"w": 17,
						"h": 21
					}
				},
				{
					"filename": "ninja_jumpdown_e_24",
					"rotated": false,
					"trimmed": true,
					"sourceSize": {
						"w": 128,
						"h": 128
					},
					"spriteSourceSize": {
						"x": 56,
						"y": 53,
						"w": 17,
						"h": 21
					},
					"frame": {
						"x": 875,
						"y": 75,
						"w": 17,
						"h": 21
					}
				},
				{
					"filename": "ninja_jumpdown_e_25",
					"rotated": false,
					"trimmed": true,
					"sourceSize": {
						"w": 128,
						"h": 128
					},
					"spriteSourceSize": {
						"x": 56,
						"y": 53,
						"w": 17,
						"h": 21
					},
					"frame": {
						"x": 875,
						"y": 75,
						"w": 17,
						"h": 21
					}
				},
				{
					"filename": "ninja_jumpdown_e_26",
					"rotated": false,
					"trimmed": true,
					"sourceSize": {
						"w": 128,
						"h": 128
					},
					"spriteSourceSize": {
						"x": 56,
						"y": 53,
						"w": 17,
						"h": 21
					},
					"frame": {
						"x": 875,
						"y": 75,
						"w": 17,
						"h": 21
					}
				},
				{
					"filename": "ninja_jumpdown_e_27",
					"rotated": false,
					"trimmed": true,
					"sourceSize": {
						"w": 128,
						"h": 128
					},
					"spriteSourceSize": {
						"x": 56,
						"y": 53,
						"w": 17,
						"h": 21
					},
					"frame": {
						"x": 875,
						"y": 75,
						"w": 17,
						"h": 21
					}
				},
				{
					"filename": "ninja_jumpdown_e_28",
					"rotated": false,
					"trimmed": true,
					"sourceSize": {
						"w": 128,
						"h": 128
					},
					"spriteSourceSize": {
						"x": 56,
						"y": 53,
						"w": 17,
						"h": 21
					},
					"frame": {
						"x": 875,
						"y": 75,
						"w": 17,
						"h": 21
					}
				},
				{
					"filename": "bannersway_19",
					"rotated": false,
					"trimmed": true,
					"sourceSize": {
						"w": 128,
						"h": 128
					},
					"spriteSourceSize": {
						"x": 57,
						"y": 59,
						"w": 16,
						"h": 22
					},
					"frame": {
						"x": 890,
						"y": 49,
						"w": 16,
						"h": 22
					}
				},
				{
					"filename": "bannersway_20",
					"rotated": false,
					"trimmed": true,
					"sourceSize": {
						"w": 128,
						"h": 128
					},
					"spriteSourceSize": {
						"x": 57,
						"y": 59,
						"w": 16,
						"h": 22
					},
					"frame": {
						"x": 892,
						"y": 25,
						"w": 16,
						"h": 22
					}
				},
				{
					"filename": "bannersway_21",
					"rotated": false,
					"trimmed": true,
					"sourceSize": {
						"w": 128,
						"h": 128
					},
					"spriteSourceSize": {
						"x": 57,
						"y": 59,
						"w": 16,
						"h": 22
					},
					"frame": {
						"x": 902,
						"y": 1,
						"w": 16,
						"h": 22
					}
				},
				{
					"filename": "bannersway_39",
					"rotated": false,
					"trimmed": true,
					"sourceSize": {
						"w": 128,
						"h": 128
					},
					"spriteSourceSize": {
						"x": 54,
						"y": 59,
						"w": 16,
						"h": 22
					},
					"frame": {
						"x": 879,
						"y": 98,
						"w": 16,
						"h": 22
					}
				},
				{
					"filename": "bannersway_40",
					"rotated": false,
					"trimmed": true,
					"sourceSize": {
						"w": 128,
						"h": 128
					},
					"spriteSourceSize": {
						"x": 54,
						"y": 59,
						"w": 16,
						"h": 22
					},
					"frame": {
						"x": 894,
						"y": 73,
						"w": 16,
						"h": 22
					}
				},
				{
					"filename": "bannersway_41",
					"rotated": false,
					"trimmed": true,
					"sourceSize": {
						"w": 128,
						"h": 128
					},
					"spriteSourceSize": {
						"x": 54,
						"y": 59,
						"w": 16,
						"h": 22
					},
					"frame": {
						"x": 908,
						"y": 49,
						"w": 16,
						"h": 22
					}
				},
				{
					"filename": "bannersway_42",
					"rotated": false,
					"trimmed": true,
					"sourceSize": {
						"w": 128,
						"h": 128
					},
					"spriteSourceSize": {
						"x": 54,
						"y": 59,
						"w": 16,
						"h": 22
					},
					"frame": {
						"x": 910,
						"y": 25,
						"w": 16,
						"h": 22
					}
				},
				{
					"filename": "bannersway_43",
					"rotated": false,
					"trimmed": true,
					"sourceSize": {
						"w": 128,
						"h": 128
					},
					"spriteSourceSize": {
						"x": 54,
						"y": 59,
						"w": 16,
						"h": 22
					},
					"frame": {
						"x": 920,
						"y": 1,
						"w": 16,
						"h": 22
					}
				},
				{
					"filename": "bannersway_44",
					"rotated": false,
					"trimmed": true,
					"sourceSize": {
						"w": 128,
						"h": 128
					},
					"spriteSourceSize": {
						"x": 54,
						"y": 59,
						"w": 16,
						"h": 22
					},
					"frame": {
						"x": 897,
						"y": 97,
						"w": 16,
						"h": 22
					}
				},
				{
					"filename": "bannersway_45",
					"rotated": false,
					"trimmed": true,
					"sourceSize": {
						"w": 128,
						"h": 128
					},
					"spriteSourceSize": {
						"x": 54,
						"y": 59,
						"w": 16,
						"h": 22
					},
					"frame": {
						"x": 897,
						"y": 97,
						"w": 16,
						"h": 22
					}
				},
				{
					"filename": "bannersway_46",
					"rotated": false,
					"trimmed": true,
					"sourceSize": {
						"w": 128,
						"h": 128
					},
					"spriteSourceSize": {
						"x": 54,
						"y": 59,
						"w": 16,
						"h": 22
					},
					"frame": {
						"x": 912,
						"y": 73,
						"w": 16,
						"h": 22
					}
				},
				{
					"filename": "bannersway_47",
					"rotated": false,
					"trimmed": true,
					"sourceSize": {
						"w": 128,
						"h": 128
					},
					"spriteSourceSize": {
						"x": 54,
						"y": 59,
						"w": 16,
						"h": 22
					},
					"frame": {
						"x": 912,
						"y": 73,
						"w": 16,
						"h": 22
					}
				},
				{
					"filename": "bannersway_48",
					"rotated": false,
					"trimmed": true,
					"sourceSize": {
						"w": 128,
						"h": 128
					},
					"spriteSourceSize": {
						"x": 54,
						"y": 59,
						"w": 16,
						"h": 22
					},
					"frame": {
						"x": 926,
						"y": 49,
						"w": 16,
						"h": 22
					}
				},
				{
					"filename": "bannersway_49",
					"rotated": false,
					"trimmed": true,
					"sourceSize": {
						"w": 128,
						"h": 128
					},
					"spriteSourceSize": {
						"x": 54,
						"y": 59,
						"w": 16,
						"h": 22
					},
					"frame": {
						"x": 928,
						"y": 25,
						"w": 16,
						"h": 22
					}
				},
				{
					"filename": "bannersway_50",
					"rotated": false,
					"trimmed": true,
					"sourceSize": {
						"w": 128,
						"h": 128
					},
					"spriteSourceSize": {
						"x": 54,
						"y": 59,
						"w": 16,
						"h": 22
					},
					"frame": {
						"x": 928,
						"y": 25,
						"w": 16,
						"h": 22
					}
				},
				{
					"filename": "bannersway_51",
					"rotated": false,
					"trimmed": true,
					"sourceSize": {
						"w": 128,
						"h": 128
					},
					"spriteSourceSize": {
						"x": 54,
						"y": 59,
						"w": 16,
						"h": 22
					},
					"frame": {
						"x": 938,
						"y": 1,
						"w": 16,
						"h": 22
					}
				},
				{
					"filename": "bannersway_9",
					"rotated": false,
					"trimmed": true,
					"sourceSize": {
						"w": 128,
						"h": 128
					},
					"spriteSourceSize": {
						"x": 57,
						"y": 59,
						"w": 16,
						"h": 22
					},
					"frame": {
						"x": 915,
						"y": 97,
						"w": 16,
						"h": 22
					}
				},
				{
					"filename": "bannersway_22",
					"rotated": false,
					"trimmed": true,
					"sourceSize": {
						"w": 128,
						"h": 128
					},
					"spriteSourceSize": {
						"x": 57,
						"y": 59,
						"w": 15,
						"h": 22
					},
					"frame": {
						"x": 930,
						"y": 73,
						"w": 15,
						"h": 22
					}
				},
				{
					"filename": "bannersway_23",
					"rotated": false,
					"trimmed": true,
					"sourceSize": {
						"w": 128,
						"h": 128
					},
					"spriteSourceSize": {
						"x": 57,
						"y": 59,
						"w": 15,
						"h": 22
					},
					"frame": {
						"x": 944,
						"y": 49,
						"w": 15,
						"h": 22
					}
				},
				{
					"filename": "bannersway_24",
					"rotated": false,
					"trimmed": true,
					"sourceSize": {
						"w": 128,
						"h": 128
					},
					"spriteSourceSize": {
						"x": 57,
						"y": 59,
						"w": 15,
						"h": 22
					},
					"frame": {
						"x": 946,
						"y": 25,
						"w": 15,
						"h": 22
					}
				},
				{
					"filename": "bannersway_25",
					"rotated": false,
					"trimmed": true,
					"sourceSize": {
						"w": 128,
						"h": 128
					},
					"spriteSourceSize": {
						"x": 57,
						"y": 59,
						"w": 15,
						"h": 22
					},
					"frame": {
						"x": 956,
						"y": 1,
						"w": 15,
						"h": 22
					}
				},
				{
					"filename": "bannersway_35",
					"rotated": false,
					"trimmed": true,
					"sourceSize": {
						"w": 128,
						"h": 128
					},
					"spriteSourceSize": {
						"x": 55,
						"y": 59,
						"w": 15,
						"h": 22
					},
					"frame": {
						"x": 933,
						"y": 97,
						"w": 15,
						"h": 22
					}
				},
				{
					"filename": "bannersway_36",
					"rotated": false,
					"trimmed": true,
					"sourceSize": {
						"w": 128,
						"h": 128
					},
					"spriteSourceSize": {
						"x": 55,
						"y": 59,
						"w": 15,
						"h": 22
					},
					"frame": {
						"x": 947,
						"y": 73,
						"w": 15,
						"h": 22
					}
				},
				{
					"filename": "bannersway_37",
					"rotated": false,
					"trimmed": true,
					"sourceSize": {
						"w": 128,
						"h": 128
					},
					"spriteSourceSize": {
						"x": 55,
						"y": 59,
						"w": 15,
						"h": 22
					},
					"frame": {
						"x": 961,
						"y": 49,
						"w": 15,
						"h": 22
					}
				},
				{
					"filename": "bannersway_38",
					"rotated": false,
					"trimmed": true,
					"sourceSize": {
						"w": 128,
						"h": 128
					},
					"spriteSourceSize": {
						"x": 55,
						"y": 59,
						"w": 15,
						"h": 22
					},
					"frame": {
						"x": 963,
						"y": 25,
						"w": 15,
						"h": 22
					}
				},
				{
					"filename": "bannersway_5",
					"rotated": false,
					"trimmed": true,
					"sourceSize": {
						"w": 128,
						"h": 128
					},
					"spriteSourceSize": {
						"x": 57,
						"y": 59,
						"w": 15,
						"h": 22
					},
					"frame": {
						"x": 973,
						"y": 1,
						"w": 15,
						"h": 22
					}
				},
				{
					"filename": "bannersway_52",
					"rotated": false,
					"trimmed": true,
					"sourceSize": {
						"w": 128,
						"h": 128
					},
					"spriteSourceSize": {
						"x": 55,
						"y": 59,
						"w": 15,
						"h": 22
					},
					"frame": {
						"x": 950,
						"y": 97,
						"w": 15,
						"h": 22
					}
				},
				{
					"filename": "bannersway_53",
					"rotated": false,
					"trimmed": true,
					"sourceSize": {
						"w": 128,
						"h": 128
					},
					"spriteSourceSize": {
						"x": 55,
						"y": 59,
						"w": 15,
						"h": 22
					},
					"frame": {
						"x": 964,
						"y": 73,
						"w": 15,
						"h": 22
					}
				},
				{
					"filename": "bannersway_54",
					"rotated": false,
					"trimmed": true,
					"sourceSize": {
						"w": 128,
						"h": 128
					},
					"spriteSourceSize": {
						"x": 55,
						"y": 59,
						"w": 15,
						"h": 22
					},
					"frame": {
						"x": 978,
						"y": 49,
						"w": 15,
						"h": 22
					}
				},
				{
					"filename": "bannersway_55",
					"rotated": false,
					"trimmed": true,
					"sourceSize": {
						"w": 128,
						"h": 128
					},
					"spriteSourceSize": {
						"x": 55,
						"y": 59,
						"w": 15,
						"h": 22
					},
					"frame": {
						"x": 980,
						"y": 25,
						"w": 15,
						"h": 22
					}
				},
				{
					"filename": "bannersway_6",
					"rotated": false,
					"trimmed": true,
					"sourceSize": {
						"w": 128,
						"h": 128
					},
					"spriteSourceSize": {
						"x": 57,
						"y": 59,
						"w": 15,
						"h": 22
					},
					"frame": {
						"x": 990,
						"y": 1,
						"w": 15,
						"h": 22
					}
				},
				{
					"filename": "bannersway_7",
					"rotated": false,
					"trimmed": true,
					"sourceSize": {
						"w": 128,
						"h": 128
					},
					"spriteSourceSize": {
						"x": 57,
						"y": 59,
						"w": 15,
						"h": 22
					},
					"frame": {
						"x": 967,
						"y": 97,
						"w": 15,
						"h": 22
					}
				},
				{
					"filename": "bannersway_8",
					"rotated": false,
					"trimmed": true,
					"sourceSize": {
						"w": 128,
						"h": 128
					},
					"spriteSourceSize": {
						"x": 57,
						"y": 59,
						"w": 15,
						"h": 22
					},
					"frame": {
						"x": 981,
						"y": 73,
						"w": 15,
						"h": 22
					}
				},
				{
					"filename": "bannersway_2",
					"rotated": false,
					"trimmed": true,
					"sourceSize": {
						"w": 128,
						"h": 128
					},
					"spriteSourceSize": {
						"x": 57,
						"y": 59,
						"w": 14,
						"h": 22
					},
					"frame": {
						"x": 995,
						"y": 49,
						"w": 14,
						"h": 22
					}
				},
				{
					"filename": "bannersway_26",
					"rotated": false,
					"trimmed": true,
					"sourceSize": {
						"w": 128,
						"h": 128
					},
					"spriteSourceSize": {
						"x": 57,
						"y": 59,
						"w": 14,
						"h": 22
					},
					"frame": {
						"x": 997,
						"y": 25,
						"w": 14,
						"h": 22
					}
				},
				{
					"filename": "bannersway_27",
					"rotated": false,
					"trimmed": true,
					"sourceSize": {
						"w": 128,
						"h": 128
					},
					"spriteSourceSize": {
						"x": 57,
						"y": 59,
						"w": 14,
						"h": 22
					},
					"frame": {
						"x": 997,
						"y": 25,
						"w": 14,
						"h": 22
					}
				},
				{
					"filename": "bannersway_28",
					"rotated": false,
					"trimmed": true,
					"sourceSize": {
						"w": 128,
						"h": 128
					},
					"spriteSourceSize": {
						"x": 57,
						"y": 59,
						"w": 14,
						"h": 22
					},
					"frame": {
						"x": 1007,
						"y": 1,
						"w": 14,
						"h": 22
					}
				},
				{
					"filename": "bannersway_29",
					"rotated": false,
					"trimmed": true,
					"sourceSize": {
						"w": 128,
						"h": 128
					},
					"spriteSourceSize": {
						"x": 57,
						"y": 59,
						"w": 14,
						"h": 22
					},
					"frame": {
						"x": 984,
						"y": 97,
						"w": 14,
						"h": 22
					}
				},
				{
					"filename": "bannersway_3",
					"rotated": false,
					"trimmed": true,
					"sourceSize": {
						"w": 128,
						"h": 128
					},
					"spriteSourceSize": {
						"x": 57,
						"y": 59,
						"w": 14,
						"h": 22
					},
					"frame": {
						"x": 998,
						"y": 73,
						"w": 14,
						"h": 22
					}
				},
				{
					"filename": "bannersway_30",
					"rotated": false,
					"trimmed": true,
					"sourceSize": {
						"w": 128,
						"h": 128
					},
					"spriteSourceSize": {
						"x": 57,
						"y": 59,
						"w": 14,
						"h": 22
					},
					"frame": {
						"x": 1011,
						"y": 49,
						"w": 14,
						"h": 22
					}
				},
				{
					"filename": "bannersway_32",
					"rotated": false,
					"trimmed": true,
					"sourceSize": {
						"w": 128,
						"h": 128
					},
					"spriteSourceSize": {
						"x": 56,
						"y": 59,
						"w": 14,
						"h": 22
					},
					"frame": {
						"x": 1013,
						"y": 25,
						"w": 14,
						"h": 22
					}
				},
				{
					"filename": "bannersway_33",
					"rotated": false,
					"trimmed": true,
					"sourceSize": {
						"w": 128,
						"h": 128
					},
					"spriteSourceSize": {
						"x": 56,
						"y": 59,
						"w": 14,
						"h": 22
					},
					"frame": {
						"x": 1023,
						"y": 1,
						"w": 14,
						"h": 22
					}
				},
				{
					"filename": "bannersway_34",
					"rotated": false,
					"trimmed": true,
					"sourceSize": {
						"w": 128,
						"h": 128
					},
					"spriteSourceSize": {
						"x": 56,
						"y": 59,
						"w": 14,
						"h": 22
					},
					"frame": {
						"x": 1000,
						"y": 97,
						"w": 14,
						"h": 22
					}
				},
				{
					"filename": "bannersway_4",
					"rotated": false,
					"trimmed": true,
					"sourceSize": {
						"w": 128,
						"h": 128
					},
					"spriteSourceSize": {
						"x": 57,
						"y": 59,
						"w": 14,
						"h": 22
					},
					"frame": {
						"x": 1014,
						"y": 73,
						"w": 14,
						"h": 22
					}
				},
				{
					"filename": "bannersway_56",
					"rotated": false,
					"trimmed": true,
					"sourceSize": {
						"w": 128,
						"h": 128
					},
					"spriteSourceSize": {
						"x": 56,
						"y": 59,
						"w": 14,
						"h": 22
					},
					"frame": {
						"x": 1027,
						"y": 49,
						"w": 14,
						"h": 22
					}
				},
				{
					"filename": "bannersway_57",
					"rotated": false,
					"trimmed": true,
					"sourceSize": {
						"w": 128,
						"h": 128
					},
					"spriteSourceSize": {
						"x": 56,
						"y": 59,
						"w": 14,
						"h": 22
					},
					"frame": {
						"x": 1027,
						"y": 49,
						"w": 14,
						"h": 22
					}
				},
				{
					"filename": "bannersway_58",
					"rotated": false,
					"trimmed": true,
					"sourceSize": {
						"w": 128,
						"h": 128
					},
					"spriteSourceSize": {
						"x": 56,
						"y": 59,
						"w": 14,
						"h": 22
					},
					"frame": {
						"x": 1029,
						"y": 25,
						"w": 14,
						"h": 22
					}
				},
				{
					"filename": "ninja_jumpup_e_7",
					"rotated": false,
					"trimmed": true,
					"sourceSize": {
						"w": 128,
						"h": 128
					},
					"spriteSourceSize": {
						"x": 56,
						"y": 54,
						"w": 14,
						"h": 22
					},
					"frame": {
						"x": 1039,
						"y": 1,
						"w": 14,
						"h": 22
					}
				},
				{
					"filename": "bannersway_0",
					"rotated": false,
					"trimmed": true,
					"sourceSize": {
						"w": 128,
						"h": 128
					},
					"spriteSourceSize": {
						"x": 57,
						"y": 59,
						"w": 13,
						"h": 22
					},
					"frame": {
						"x": 1016,
						"y": 97,
						"w": 13,
						"h": 22
					}
				},
				{
					"filename": "bannersway_1",
					"rotated": false,
					"trimmed": true,
					"sourceSize": {
						"w": 128,
						"h": 128
					},
					"spriteSourceSize": {
						"x": 57,
						"y": 59,
						"w": 13,
						"h": 22
					},
					"frame": {
						"x": 1016,
						"y": 97,
						"w": 13,
						"h": 22
					}
				},
				{
					"filename": "bannersway_31",
					"rotated": false,
					"trimmed": true,
					"sourceSize": {
						"w": 128,
						"h": 128
					},
					"spriteSourceSize": {
						"x": 57,
						"y": 59,
						"w": 13,
						"h": 22
					},
					"frame": {
						"x": 1030,
						"y": 73,
						"w": 13,
						"h": 22
					}
				},
				{
					"filename": "ninja_jumpup_e_8",
					"rotated": false,
					"trimmed": true,
					"sourceSize": {
						"w": 128,
						"h": 128
					},
					"spriteSourceSize": {
						"x": 56,
						"y": 54,
						"w": 14,
						"h": 21
					},
					"frame": {
						"x": 1043,
						"y": 49,
						"w": 14,
						"h": 21
					}
				},
				{
					"filename": "samurai_killed_2",
					"rotated": false,
					"trimmed": true,
					"sourceSize": {
						"w": 32,
						"h": 32
					},
					"spriteSourceSize": {
						"x": 4,
						"y": 5,
						"w": 26,
						"h": 20
					},
					"frame": {
						"x": 1045,
						"y": 25,
						"w": 26,
						"h": 20
					}
				},
				{
					"filename": "ninja_jumpdown_e_9",
					"rotated": false,
					"trimmed": true,
					"sourceSize": {
						"w": 128,
						"h": 128
					},
					"spriteSourceSize": {
						"x": 56,
						"y": 53,
						"w": 17,
						"h": 20
					},
					"frame": {
						"x": 1055,
						"y": 1,
						"w": 17,
						"h": 20
					}
				},
				{
					"filename": "ninja_jumpup_e_9",
					"rotated": false,
					"trimmed": true,
					"sourceSize": {
						"w": 128,
						"h": 128
					},
					"spriteSourceSize": {
						"x": 55,
						"y": 55,
						"w": 16,
						"h": 19
					},
					"frame": {
						"x": 1031,
						"y": 97,
						"w": 16,
						"h": 19
					}
				},
				{
					"filename": "effects_puff_3",
					"rotated": false,
					"trimmed": true,
					"sourceSize": {
						"w": 32,
						"h": 32
					},
					"spriteSourceSize": {
						"x": 1,
						"y": 15,
						"w": 31,
						"h": 8
					},
					"frame": {
						"x": 1031,
						"y": 118,
						"w": 31,
						"h": 8
					}
				},
				{
					"filename": "ninja_jumpup_0",
					"rotated": false,
					"trimmed": true,
					"sourceSize": {
						"w": 32,
						"h": 32
					},
					"spriteSourceSize": {
						"x": 8,
						"y": 7,
						"w": 14,
						"h": 19
					},
					"frame": {
						"x": 1045,
						"y": 72,
						"w": 14,
						"h": 19
					}
				},
				{
					"filename": "ninja_jumpup_e_11",
					"rotated": false,
					"trimmed": true,
					"sourceSize": {
						"w": 128,
						"h": 128
					},
					"spriteSourceSize": {
						"x": 56,
						"y": 55,
						"w": 14,
						"h": 19
					},
					"frame": {
						"x": 1045,
						"y": 72,
						"w": 14,
						"h": 19
					}
				},
				{
					"filename": "ninja_jumpup_e_12",
					"rotated": false,
					"trimmed": true,
					"sourceSize": {
						"w": 128,
						"h": 128
					},
					"spriteSourceSize": {
						"x": 56,
						"y": 55,
						"w": 14,
						"h": 19
					},
					"frame": {
						"x": 1045,
						"y": 72,
						"w": 14,
						"h": 19
					}
				},
				{
					"filename": "ninja_jumpup_e_13",
					"rotated": false,
					"trimmed": true,
					"sourceSize": {
						"w": 128,
						"h": 128
					},
					"spriteSourceSize": {
						"x": 56,
						"y": 55,
						"w": 14,
						"h": 19
					},
					"frame": {
						"x": 1045,
						"y": 72,
						"w": 14,
						"h": 19
					}
				},
				{
					"filename": "ninja_jumpup_e_14",
					"rotated": false,
					"trimmed": true,
					"sourceSize": {
						"w": 128,
						"h": 128
					},
					"spriteSourceSize": {
						"x": 56,
						"y": 55,
						"w": 14,
						"h": 19
					},
					"frame": {
						"x": 1045,
						"y": 72,
						"w": 14,
						"h": 19
					}
				},
				{
					"filename": "ninja_jumpup_e_15",
					"rotated": false,
					"trimmed": true,
					"sourceSize": {
						"w": 128,
						"h": 128
					},
					"spriteSourceSize": {
						"x": 56,
						"y": 55,
						"w": 14,
						"h": 19
					},
					"frame": {
						"x": 1045,
						"y": 72,
						"w": 14,
						"h": 19
					}
				},
				{
					"filename": "ninja_jumpup_e_16",
					"rotated": false,
					"trimmed": true,
					"sourceSize": {
						"w": 128,
						"h": 128
					},
					"spriteSourceSize": {
						"x": 56,
						"y": 55,
						"w": 14,
						"h": 19
					},
					"frame": {
						"x": 1045,
						"y": 72,
						"w": 14,
						"h": 19
					}
				},
				{
					"filename": "ninja_jumpup_e_17",
					"rotated": false,
					"trimmed": true,
					"sourceSize": {
						"w": 128,
						"h": 128
					},
					"spriteSourceSize": {
						"x": 56,
						"y": 55,
						"w": 14,
						"h": 19
					},
					"frame": {
						"x": 1045,
						"y": 72,
						"w": 14,
						"h": 19
					}
				},
				{
					"filename": "ninja_jumpup_e_18",
					"rotated": false,
					"trimmed": true,
					"sourceSize": {
						"w": 128,
						"h": 128
					},
					"spriteSourceSize": {
						"x": 56,
						"y": 55,
						"w": 14,
						"h": 19
					},
					"frame": {
						"x": 1045,
						"y": 72,
						"w": 14,
						"h": 19
					}
				},
				{
					"filename": "ninja_jumpup_e_19",
					"rotated": false,
					"trimmed": true,
					"sourceSize": {
						"w": 128,
						"h": 128
					},
					"spriteSourceSize": {
						"x": 56,
						"y": 55,
						"w": 14,
						"h": 19
					},
					"frame": {
						"x": 1045,
						"y": 72,
						"w": 14,
						"h": 19
					}
				},
				{
					"filename": "ninja_jumpup_e_20",
					"rotated": false,
					"trimmed": true,
					"sourceSize": {
						"w": 128,
						"h": 128
					},
					"spriteSourceSize": {
						"x": 56,
						"y": 55,
						"w": 14,
						"h": 19
					},
					"frame": {
						"x": 1045,
						"y": 72,
						"w": 14,
						"h": 19
					}
				},
				{
					"filename": "ninja_jumpup_e_21",
					"rotated": false,
					"trimmed": true,
					"sourceSize": {
						"w": 128,
						"h": 128
					},
					"spriteSourceSize": {
						"x": 56,
						"y": 55,
						"w": 14,
						"h": 19
					},
					"frame": {
						"x": 1045,
						"y": 72,
						"w": 14,
						"h": 19
					}
				},
				{
					"filename": "ninja_jumpup_e_22",
					"rotated": false,
					"trimmed": true,
					"sourceSize": {
						"w": 128,
						"h": 128
					},
					"spriteSourceSize": {
						"x": 56,
						"y": 55,
						"w": 14,
						"h": 19
					},
					"frame": {
						"x": 1045,
						"y": 72,
						"w": 14,
						"h": 19
					}
				},
				{
					"filename": "samurai_killed_0",
					"rotated": false,
					"trimmed": true,
					"sourceSize": {
						"w": 32,
						"h": 32
					},
					"spriteSourceSize": {
						"x": 7,
						"y": 7,
						"w": 17,
						"h": 18
					},
					"frame": {
						"x": 1059,
						"y": 47,
						"w": 17,
						"h": 18
					}
				},
				{
					"filename": "explode_29",
					"rotated": false,
					"trimmed": true,
					"sourceSize": {
						"w": 64,
						"h": 64
					},
					"spriteSourceSize": {
						"x": 27,
						"y": 5,
						"w": 24,
						"h": 17
					},
					"frame": {
						"x": 1073,
						"y": 23,
						"w": 24,
						"h": 17
					}
				},
				{
					"filename": "ninja_jumpside_e_7",
					"rotated": false,
					"trimmed": true,
					"sourceSize": {
						"w": 128,
						"h": 128
					},
					"spriteSourceSize": {
						"x": 54,
						"y": 58,
						"w": 24,
						"h": 13
					},
					"frame": {
						"x": 1099,
						"y": 1,
						"w": 24,
						"h": 13
					}
				},
				{
					"filename": "samurai_killed_7",
					"rotated": false,
					"trimmed": true,
					"sourceSize": {
						"w": 32,
						"h": 32
					},
					"spriteSourceSize": {
						"x": 4,
						"y": 10,
						"w": 22,
						"h": 15
					},
					"frame": {
						"x": 1074,
						"y": 1,
						"w": 22,
						"h": 15
					}
				},
				{
					"filename": "samurai_killed_8",
					"rotated": false,
					"trimmed": true,
					"sourceSize": {
						"w": 32,
						"h": 32
					},
					"spriteSourceSize": {
						"x": 4,
						"y": 10,
						"w": 22,
						"h": 15
					},
					"frame": {
						"x": 1099,
						"y": 16,
						"w": 22,
						"h": 15
					}
				},
				{
					"filename": "ninja_jumpside_0",
					"rotated": false,
					"trimmed": true,
					"sourceSize": {
						"w": 32,
						"h": 32
					},
					"spriteSourceSize": {
						"x": 7,
						"y": 10,
						"w": 22,
						"h": 13
					},
					"frame": {
						"x": 1099,
						"y": 33,
						"w": 22,
						"h": 13
					}
				},
				{
					"filename": "ninja_jumpside_e_12",
					"rotated": false,
					"trimmed": true,
					"sourceSize": {
						"w": 128,
						"h": 128
					},
					"spriteSourceSize": {
						"x": 55,
						"y": 58,
						"w": 22,
						"h": 13
					},
					"frame": {
						"x": 1099,
						"y": 33,
						"w": 22,
						"h": 13
					}
				},
				{
					"filename": "ninja_jumpside_e_14",
					"rotated": false,
					"trimmed": true,
					"sourceSize": {
						"w": 128,
						"h": 128
					},
					"spriteSourceSize": {
						"x": 55,
						"y": 58,
						"w": 22,
						"h": 13
					},
					"frame": {
						"x": 1099,
						"y": 33,
						"w": 22,
						"h": 13
					}
				},
				{
					"filename": "ninja_jumpside_e_15",
					"rotated": false,
					"trimmed": true,
					"sourceSize": {
						"w": 128,
						"h": 128
					},
					"spriteSourceSize": {
						"x": 55,
						"y": 58,
						"w": 22,
						"h": 13
					},
					"frame": {
						"x": 1099,
						"y": 33,
						"w": 22,
						"h": 13
					}
				},
				{
					"filename": "ninja_jumpside_e_16",
					"rotated": false,
					"trimmed": true,
					"sourceSize": {
						"w": 128,
						"h": 128
					},
					"spriteSourceSize": {
						"x": 55,
						"y": 58,
						"w": 22,
						"h": 13
					},
					"frame": {
						"x": 1099,
						"y": 33,
						"w": 22,
						"h": 13
					}
				},
				{
					"filename": "ninja_jumpside_e_17",
					"rotated": false,
					"trimmed": true,
					"sourceSize": {
						"w": 128,
						"h": 128
					},
					"spriteSourceSize": {
						"x": 55,
						"y": 58,
						"w": 22,
						"h": 13
					},
					"frame": {
						"x": 1099,
						"y": 33,
						"w": 22,
						"h": 13
					}
				},
				{
					"filename": "ninja_jumpside_e_18",
					"rotated": false,
					"trimmed": true,
					"sourceSize": {
						"w": 128,
						"h": 128
					},
					"spriteSourceSize": {
						"x": 55,
						"y": 58,
						"w": 22,
						"h": 13
					},
					"frame": {
						"x": 1099,
						"y": 33,
						"w": 22,
						"h": 13
					}
				},
				{
					"filename": "ninja_jumpside_e_19",
					"rotated": false,
					"trimmed": true,
					"sourceSize": {
						"w": 128,
						"h": 128
					},
					"spriteSourceSize": {
						"x": 55,
						"y": 58,
						"w": 22,
						"h": 13
					},
					"frame": {
						"x": 1099,
						"y": 33,
						"w": 22,
						"h": 13
					}
				},
				{
					"filename": "ninja_jumpside_e_20",
					"rotated": false,
					"trimmed": true,
					"sourceSize": {
						"w": 128,
						"h": 128
					},
					"spriteSourceSize": {
						"x": 55,
						"y": 58,
						"w": 22,
						"h": 13
					},
					"frame": {
						"x": 1099,
						"y": 33,
						"w": 22,
						"h": 13
					}
				},
				{
					"filename": "ninja_jumpside_e_21",
					"rotated": false,
					"trimmed": true,
					"sourceSize": {
						"w": 128,
						"h": 128
					},
					"spriteSourceSize": {
						"x": 55,
						"y": 58,
						"w": 22,
						"h": 13
					},
					"frame": {
						"x": 1099,
						"y": 33,
						"w": 22,
						"h": 13
					}
				},
				{
					"filename": "ninja_jumpside_e_22",
					"rotated": false,
					"trimmed": true,
					"sourceSize": {
						"w": 128,
						"h": 128
					},
					"spriteSourceSize": {
						"x": 55,
						"y": 58,
						"w": 22,
						"h": 13
					},
					"frame": {
						"x": 1099,
						"y": 33,
						"w": 22,
						"h": 13
					}
				},
				{
					"filename": "ninja_jumpside_e_23",
					"rotated": false,
					"trimmed": true,
					"sourceSize": {
						"w": 128,
						"h": 128
					},
					"spriteSourceSize": {
						"x": 55,
						"y": 58,
						"w": 22,
						"h": 13
					},
					"frame": {
						"x": 1099,
						"y": 33,
						"w": 22,
						"h": 13
					}
				},
				{
					"filename": "ninja_jumpside_e_24",
					"rotated": false,
					"trimmed": true,
					"sourceSize": {
						"w": 128,
						"h": 128
					},
					"spriteSourceSize": {
						"x": 55,
						"y": 58,
						"w": 22,
						"h": 13
					},
					"frame": {
						"x": 1099,
						"y": 33,
						"w": 22,
						"h": 13
					}
				},
				{
					"filename": "ninja_jumpside_e_25",
					"rotated": false,
					"trimmed": true,
					"sourceSize": {
						"w": 128,
						"h": 128
					},
					"spriteSourceSize": {
						"x": 55,
						"y": 58,
						"w": 22,
						"h": 13
					},
					"frame": {
						"x": 1099,
						"y": 33,
						"w": 22,
						"h": 13
					}
				},
				{
					"filename": "ninja_jumpside_e_26",
					"rotated": false,
					"trimmed": true,
					"sourceSize": {
						"w": 128,
						"h": 128
					},
					"spriteSourceSize": {
						"x": 55,
						"y": 58,
						"w": 22,
						"h": 13
					},
					"frame": {
						"x": 1099,
						"y": 33,
						"w": 22,
						"h": 13
					}
				},
				{
					"filename": "ninja_jumpside_e_27",
					"rotated": false,
					"trimmed": true,
					"sourceSize": {
						"w": 128,
						"h": 128
					},
					"spriteSourceSize": {
						"x": 55,
						"y": 58,
						"w": 22,
						"h": 13
					},
					"frame": {
						"x": 1099,
						"y": 33,
						"w": 22,
						"h": 13
					}
				},
				{
					"filename": "ninja_jumpside_e_28",
					"rotated": false,
					"trimmed": true,
					"sourceSize": {
						"w": 128,
						"h": 128
					},
					"spriteSourceSize": {
						"x": 55,
						"y": 58,
						"w": 22,
						"h": 13
					},
					"frame": {
						"x": 1099,
						"y": 33,
						"w": 22,
						"h": 13
					}
				},
				{
					"filename": "ninja_jumpside_e_29",
					"rotated": false,
					"trimmed": true,
					"sourceSize": {
						"w": 128,
						"h": 128
					},
					"spriteSourceSize": {
						"x": 55,
						"y": 58,
						"w": 22,
						"h": 13
					},
					"frame": {
						"x": 1099,
						"y": 33,
						"w": 22,
						"h": 13
					}
				},
				{
					"filename": "ninja_jumpside_e_30",
					"rotated": false,
					"trimmed": true,
					"sourceSize": {
						"w": 128,
						"h": 128
					},
					"spriteSourceSize": {
						"x": 55,
						"y": 58,
						"w": 22,
						"h": 13
					},
					"frame": {
						"x": 1099,
						"y": 33,
						"w": 22,
						"h": 13
					}
				},
				{
					"filename": "ninja_jumpside_e_31",
					"rotated": false,
					"trimmed": true,
					"sourceSize": {
						"w": 128,
						"h": 128
					},
					"spriteSourceSize": {
						"x": 55,
						"y": 58,
						"w": 22,
						"h": 13
					},
					"frame": {
						"x": 1099,
						"y": 33,
						"w": 22,
						"h": 13
					}
				},
				{
					"filename": "ninja_jumpside_e_32",
					"rotated": false,
					"trimmed": true,
					"sourceSize": {
						"w": 128,
						"h": 128
					},
					"spriteSourceSize": {
						"x": 55,
						"y": 58,
						"w": 22,
						"h": 13
					},
					"frame": {
						"x": 1099,
						"y": 33,
						"w": 22,
						"h": 13
					}
				},
				{
					"filename": "ninja_jumpside_e_33",
					"rotated": false,
					"trimmed": true,
					"sourceSize": {
						"w": 128,
						"h": 128
					},
					"spriteSourceSize": {
						"x": 55,
						"y": 58,
						"w": 22,
						"h": 13
					},
					"frame": {
						"x": 1099,
						"y": 33,
						"w": 22,
						"h": 13
					}
				},
				{
					"filename": "ninja_jumpside_e_34",
					"rotated": false,
					"trimmed": true,
					"sourceSize": {
						"w": 128,
						"h": 128
					},
					"spriteSourceSize": {
						"x": 55,
						"y": 58,
						"w": 22,
						"h": 13
					},
					"frame": {
						"x": 1099,
						"y": 33,
						"w": 22,
						"h": 13
					}
				},
				{
					"filename": "ninja_jumpside_e_35",
					"rotated": false,
					"trimmed": true,
					"sourceSize": {
						"w": 128,
						"h": 128
					},
					"spriteSourceSize": {
						"x": 55,
						"y": 58,
						"w": 22,
						"h": 13
					},
					"frame": {
						"x": 1099,
						"y": 33,
						"w": 22,
						"h": 13
					}
				},
				{
					"filename": "ninja_jumpside_e_36",
					"rotated": false,
					"trimmed": true,
					"sourceSize": {
						"w": 128,
						"h": 128
					},
					"spriteSourceSize": {
						"x": 55,
						"y": 58,
						"w": 22,
						"h": 13
					},
					"frame": {
						"x": 1099,
						"y": 33,
						"w": 22,
						"h": 13
					}
				},
				{
					"filename": "ninja_jumpside_e_37",
					"rotated": false,
					"trimmed": true,
					"sourceSize": {
						"w": 128,
						"h": 128
					},
					"spriteSourceSize": {
						"x": 55,
						"y": 58,
						"w": 22,
						"h": 13
					},
					"frame": {
						"x": 1099,
						"y": 33,
						"w": 22,
						"h": 13
					}
				},
				{
					"filename": "ninja_jumpside_e_38",
					"rotated": false,
					"trimmed": true,
					"sourceSize": {
						"w": 128,
						"h": 128
					},
					"spriteSourceSize": {
						"x": 55,
						"y": 58,
						"w": 22,
						"h": 13
					},
					"frame": {
						"x": 1099,
						"y": 33,
						"w": 22,
						"h": 13
					}
				},
				{
					"filename": "ninja_jumpside_e_39",
					"rotated": false,
					"trimmed": true,
					"sourceSize": {
						"w": 128,
						"h": 128
					},
					"spriteSourceSize": {
						"x": 55,
						"y": 58,
						"w": 22,
						"h": 13
					},
					"frame": {
						"x": 1099,
						"y": 33,
						"w": 22,
						"h": 13
					}
				},
				{
					"filename": "ninja_jumpside_e_40",
					"rotated": false,
					"trimmed": true,
					"sourceSize": {
						"w": 128,
						"h": 128
					},
					"spriteSourceSize": {
						"x": 55,
						"y": 58,
						"w": 22,
						"h": 13
					},
					"frame": {
						"x": 1099,
						"y": 33,
						"w": 22,
						"h": 13
					}
				},
				{
					"filename": "ninja_jumpside_e_41",
					"rotated": false,
					"trimmed": true,
					"sourceSize": {
						"w": 128,
						"h": 128
					},
					"spriteSourceSize": {
						"x": 55,
						"y": 58,
						"w": 22,
						"h": 13
					},
					"frame": {
						"x": 1099,
						"y": 33,
						"w": 22,
						"h": 13
					}
				},
				{
					"filename": "ninja_jumpside_e_42",
					"rotated": false,
					"trimmed": true,
					"sourceSize": {
						"w": 128,
						"h": 128
					},
					"spriteSourceSize": {
						"x": 55,
						"y": 58,
						"w": 22,
						"h": 13
					},
					"frame": {
						"x": 1099,
						"y": 33,
						"w": 22,
						"h": 13
					}
				},
				{
					"filename": "ninja_jumpside_e_43",
					"rotated": false,
					"trimmed": true,
					"sourceSize": {
						"w": 128,
						"h": 128
					},
					"spriteSourceSize": {
						"x": 55,
						"y": 58,
						"w": 22,
						"h": 13
					},
					"frame": {
						"x": 1099,
						"y": 33,
						"w": 22,
						"h": 13
					}
				},
				{
					"filename": "ninja_jumpside_e_44",
					"rotated": false,
					"trimmed": true,
					"sourceSize": {
						"w": 128,
						"h": 128
					},
					"spriteSourceSize": {
						"x": 55,
						"y": 58,
						"w": 22,
						"h": 13
					},
					"frame": {
						"x": 1099,
						"y": 33,
						"w": 22,
						"h": 13
					}
				},
				{
					"filename": "ninja_jumpside_e_45",
					"rotated": false,
					"trimmed": true,
					"sourceSize": {
						"w": 128,
						"h": 128
					},
					"spriteSourceSize": {
						"x": 55,
						"y": 58,
						"w": 22,
						"h": 13
					},
					"frame": {
						"x": 1099,
						"y": 33,
						"w": 22,
						"h": 13
					}
				},
				{
					"filename": "ninja_jumpside_e_46",
					"rotated": false,
					"trimmed": true,
					"sourceSize": {
						"w": 128,
						"h": 128
					},
					"spriteSourceSize": {
						"x": 55,
						"y": 58,
						"w": 22,
						"h": 13
					},
					"frame": {
						"x": 1099,
						"y": 33,
						"w": 22,
						"h": 13
					}
				},
				{
					"filename": "ninja_jumpside_e_47",
					"rotated": false,
					"trimmed": true,
					"sourceSize": {
						"w": 128,
						"h": 128
					},
					"spriteSourceSize": {
						"x": 55,
						"y": 58,
						"w": 22,
						"h": 13
					},
					"frame": {
						"x": 1099,
						"y": 33,
						"w": 22,
						"h": 13
					}
				},
				{
					"filename": "ninja_jumpside_e_48",
					"rotated": false,
					"trimmed": true,
					"sourceSize": {
						"w": 128,
						"h": 128
					},
					"spriteSourceSize": {
						"x": 55,
						"y": 58,
						"w": 22,
						"h": 13
					},
					"frame": {
						"x": 1099,
						"y": 33,
						"w": 22,
						"h": 13
					}
				},
				{
					"filename": "ninja_jumpside_e_49",
					"rotated": false,
					"trimmed": true,
					"sourceSize": {
						"w": 128,
						"h": 128
					},
					"spriteSourceSize": {
						"x": 55,
						"y": 58,
						"w": 22,
						"h": 13
					},
					"frame": {
						"x": 1099,
						"y": 33,
						"w": 22,
						"h": 13
					}
				},
				{
					"filename": "ninja_jumpside_e_50",
					"rotated": false,
					"trimmed": true,
					"sourceSize": {
						"w": 128,
						"h": 128
					},
					"spriteSourceSize": {
						"x": 55,
						"y": 58,
						"w": 22,
						"h": 13
					},
					"frame": {
						"x": 1099,
						"y": 33,
						"w": 22,
						"h": 13
					}
				},
				{
					"filename": "ninja_jumpside_e_51",
					"rotated": false,
					"trimmed": true,
					"sourceSize": {
						"w": 128,
						"h": 128
					},
					"spriteSourceSize": {
						"x": 55,
						"y": 58,
						"w": 22,
						"h": 13
					},
					"frame": {
						"x": 1099,
						"y": 33,
						"w": 22,
						"h": 13
					}
				},
				{
					"filename": "ninja_jumpside_e_52",
					"rotated": false,
					"trimmed": true,
					"sourceSize": {
						"w": 128,
						"h": 128
					},
					"spriteSourceSize": {
						"x": 55,
						"y": 58,
						"w": 22,
						"h": 13
					},
					"frame": {
						"x": 1099,
						"y": 33,
						"w": 22,
						"h": 13
					}
				},
				{
					"filename": "ninja_jumpside_e_53",
					"rotated": false,
					"trimmed": true,
					"sourceSize": {
						"w": 128,
						"h": 128
					},
					"spriteSourceSize": {
						"x": 55,
						"y": 58,
						"w": 22,
						"h": 13
					},
					"frame": {
						"x": 1099,
						"y": 33,
						"w": 22,
						"h": 13
					}
				},
				{
					"filename": "ninja_jumpside_e_54",
					"rotated": false,
					"trimmed": true,
					"sourceSize": {
						"w": 128,
						"h": 128
					},
					"spriteSourceSize": {
						"x": 55,
						"y": 58,
						"w": 22,
						"h": 13
					},
					"frame": {
						"x": 1099,
						"y": 33,
						"w": 22,
						"h": 13
					}
				},
				{
					"filename": "ninja_jumpside_e_55",
					"rotated": false,
					"trimmed": true,
					"sourceSize": {
						"w": 128,
						"h": 128
					},
					"spriteSourceSize": {
						"x": 55,
						"y": 58,
						"w": 22,
						"h": 13
					},
					"frame": {
						"x": 1099,
						"y": 33,
						"w": 22,
						"h": 13
					}
				},
				{
					"filename": "ninja_jumpside_e_56",
					"rotated": false,
					"trimmed": true,
					"sourceSize": {
						"w": 128,
						"h": 128
					},
					"spriteSourceSize": {
						"x": 55,
						"y": 58,
						"w": 22,
						"h": 13
					},
					"frame": {
						"x": 1099,
						"y": 33,
						"w": 22,
						"h": 13
					}
				},
				{
					"filename": "ninja_jumpside_e_57",
					"rotated": false,
					"trimmed": true,
					"sourceSize": {
						"w": 128,
						"h": 128
					},
					"spriteSourceSize": {
						"x": 55,
						"y": 58,
						"w": 22,
						"h": 13
					},
					"frame": {
						"x": 1099,
						"y": 33,
						"w": 22,
						"h": 13
					}
				},
				{
					"filename": "ninja_jumpside_e_58",
					"rotated": false,
					"trimmed": true,
					"sourceSize": {
						"w": 128,
						"h": 128
					},
					"spriteSourceSize": {
						"x": 55,
						"y": 58,
						"w": 22,
						"h": 13
					},
					"frame": {
						"x": 1099,
						"y": 33,
						"w": 22,
						"h": 13
					}
				},
				{
					"filename": "ninja_stand_0",
					"rotated": false,
					"trimmed": true,
					"sourceSize": {
						"w": 32,
						"h": 32
					},
					"spriteSourceSize": {
						"x": 8,
						"y": 9,
						"w": 16,
						"h": 16
					},
					"frame": {
						"x": 1078,
						"y": 42,
						"w": 16,
						"h": 16
					}
				},
				{
					"filename": "ninja_touchdown_0",
					"rotated": false,
					"trimmed": true,
					"sourceSize": {
						"w": 32,
						"h": 32
					},
					"spriteSourceSize": {
						"x": 8,
						"y": 9,
						"w": 16,
						"h": 16
					},
					"frame": {
						"x": 1078,
						"y": 42,
						"w": 16,
						"h": 16
					}
				},
				{
					"filename": "ninja_jumpside_e_5",
					"rotated": false,
					"trimmed": true,
					"sourceSize": {
						"w": 128,
						"h": 128
					},
					"spriteSourceSize": {
						"x": 53,
						"y": 59,
						"w": 26,
						"h": 11
					},
					"frame": {
						"x": 1096,
						"y": 48,
						"w": 26,
						"h": 11
					}
				},
				{
					"filename": "ninja_touchup_0",
					"rotated": false,
					"trimmed": true,
					"sourceSize": {
						"w": 32,
						"h": 32
					},
					"spriteSourceSize": {
						"x": 8,
						"y": 7,
						"w": 16,
						"h": 16
					},
					"frame": {
						"x": 1078,
						"y": 60,
						"w": 16,
						"h": 16
					}
				},
				{
					"filename": "ninja_jumpup_e_10",
					"rotated": false,
					"trimmed": true,
					"sourceSize": {
						"w": 128,
						"h": 128
					},
					"spriteSourceSize": {
						"x": 56,
						"y": 56,
						"w": 14,
						"h": 17
					},
					"frame": {
						"x": 1061,
						"y": 67,
						"w": 14,
						"h": 17
					}
				},
				{
					"filename": "effects_puff_1",
					"rotated": false,
					"trimmed": true,
					"sourceSize": {
						"w": 32,
						"h": 32
					},
					"spriteSourceSize": {
						"x": 4,
						"y": 15,
						"w": 25,
						"h": 10
					},
					"frame": {
						"x": 1096,
						"y": 61,
						"w": 25,
						"h": 10
					}
				},
				{
					"filename": "ninja_jumpside_e_11",
					"rotated": false,
					"trimmed": true,
					"sourceSize": {
						"w": 128,
						"h": 128
					},
					"spriteSourceSize": {
						"x": 55,
						"y": 58,
						"w": 22,
						"h": 13
					},
					"frame": {
						"x": 1096,
						"y": 73,
						"w": 22,
						"h": 13
					}
				},
				{
					"filename": "ninja_jumpside_e_3",
					"rotated": false,
					"trimmed": true,
					"sourceSize": {
						"w": 128,
						"h": 128
					},
					"spriteSourceSize": {
						"x": 51,
						"y": 60,
						"w": 30,
						"h": 9
					},
					"frame": {
						"x": 1064,
						"y": 86,
						"w": 30,
						"h": 9
					}
				},
				{
					"filename": "samurai_killed_9",
					"rotated": false,
					"trimmed": true,
					"sourceSize": {
						"w": 32,
						"h": 32
					},
					"spriteSourceSize": {
						"x": 4,
						"y": 12,
						"w": 22,
						"h": 13
					},
					"frame": {
						"x": 1096,
						"y": 88,
						"w": 22,
						"h": 13
					}
				},
				{
					"filename": "ninja_jumpside_e_13",
					"rotated": false,
					"trimmed": true,
					"sourceSize": {
						"w": 128,
						"h": 128
					},
					"spriteSourceSize": {
						"x": 56,
						"y": 58,
						"w": 21,
						"h": 13
					},
					"frame": {
						"x": 1049,
						"y": 103,
						"w": 21,
						"h": 13
					}
				},
				{
					"filename": "ninja_jumpside_e_9",
					"rotated": false,
					"trimmed": true,
					"sourceSize": {
						"w": 128,
						"h": 128
					},
					"spriteSourceSize": {
						"x": 55,
						"y": 58,
						"w": 21,
						"h": 13
					},
					"frame": {
						"x": 1072,
						"y": 97,
						"w": 21,
						"h": 13
					}
				},
				{
					"filename": "ninja_jumpside_e_4",
					"rotated": false,
					"trimmed": true,
					"sourceSize": {
						"w": 128,
						"h": 128
					},
					"spriteSourceSize": {
						"x": 52,
						"y": 59,
						"w": 28,
						"h": 11
					},
					"frame": {
						"x": 1095,
						"y": 103,
						"w": 28,
						"h": 11
					}
				},
				{
					"filename": "ninja_jumpside_e_10",
					"rotated": false,
					"trimmed": true,
					"sourceSize": {
						"w": 128,
						"h": 128
					},
					"spriteSourceSize": {
						"x": 56,
						"y": 58,
						"w": 20,
						"h": 13
					},
					"frame": {
						"x": 1072,
						"y": 112,
						"w": 20,
						"h": 13
					}
				},
				{
					"filename": "effects_puff_2",
					"rotated": false,
					"trimmed": true,
					"sourceSize": {
						"w": 32,
						"h": 32
					},
					"spriteSourceSize": {
						"x": 2,
						"y": 15,
						"w": 28,
						"h": 9
					},
					"frame": {
						"x": 1094,
						"y": 116,
						"w": 28,
						"h": 9
					}
				}
			]
		}
	],
	"meta": {
		"app": "https://www.codeandweb.com/texturepacker",
		"version": "3.0",
		"smartupdate": "$TexturePacker:SmartUpdate:7be8379bd9552c96bca02d36a8e245d6:14a3ace51e6038cbbd01a640b2e1eff7:cbce6b53f0f49e0bf15173c25c41f876$"
	}
}
